title,content,url,press,date,keywords,category,predictions,defense_prob,summary
골든타임 잡은 선구안 '선박 보수'로 미래를 만들다,"""돈 안된다더라."" 7년 전 시작한 선박을 개조하고 수리하는 사업이 그룹의 차기 기대주로 떠오를 줄 누가 알았을까. 올해 주식시장의 뜨거운 감자였던 HD현대마린솔루션은 정기선 HD현대 수석부회장의 탁월한 선구안이 돋보이는 기업이다. 2017년 아직은 낯선 선박 보수 분야에 발을 들여놓으면서 한해 한해 사업을 확장하더니, 이젠 불확실한 업황 속 안정적 수..",https://www.asiatoday.co.kr/view.php?key=20241120010009865,아시아투데이,20241119,"현대마린솔루션,hd현대마린솔루션,미국,hd,사업부,조선,현대,업황,연평균,부회장,매출액,1조,영국,선구안,정기선,관계자,기획실,주식시장",경제>증권_증시,1,99.54,"올해 주식시장의 뜨거운 감자였던 HD현대마린솔루션은 정기선 HD현대 수석부회장의 탁월한 선구안이 돋보이는 기업으로, 불확실한 업황 속 안정적 수주로 떠오르고 있다.     
     
    .   .     는    "
"""AI 에이전트 시대 연다""...마이크로소프트 이그나이트 2024 개막","사용자는 셰어포인트 등의 플랫폼에서 AI 에이전트를 손쉽게 생성하고 활용할 수 있다. 마이크로소프트 제공 
[파이낸셜뉴스] 특정 사이트, 파일, 폴더와 연동된 인공지능(AI)이 정보를 쉽게 찾아주고, 실시간 음성 통역으로 다양한 언어로 자유롭게 소통할 수 있게 도와주는 AI 에이전트가 현실화된다. 또 이용자가 직접 맞춤형 AI 에이전트를 설계하고 관리하..",http://www.fnnews.com/news/202411191759242196,파이낸셜뉴스,20241119,"ai,코파일럿,ms,사용자,프리뷰,마이크로소프트,클라우드,이그나이트,자동화",IT_과학>모바일,1,70.31,"사용자는 셰어포인트 등의 플랫폼에서 AI 에이전트를 손쉽게 생성하고 활용할 수 있다. 특정 사이트, 파일, 폴더와 연동된 인공지능(AI)이 정보를 쉽게 찾아주고, 실시간 음성 통역으로 소통할 수 있게 도와주는 AI 에이전트가 현실화된다.      
    
   .   "
"우크라, 미 에이태큼스 미사일 6발 발사... 러 ""5발 요격""","우크라이나군이 미국에서 지원받은 장거리 미사일로 19일(현지시간) 러시아 영토 공격을 단행했다. 
러시아 타스통신 등에 따르면 러시아 국방부는 성명을 내고 “오전 3시 25분 적군(우크라이나군)이 에이태큼스(ATACMS) 6발로 러시아 서부 국경 지대인 브랸스크의 군사 시설을 공격했다”며 “6발 중 5발은 요격하고 나머지 1발은 손상을 입혔다”고 밝혔다..",https://www.hankookilbo.com/News/Read/A2024111922000000347,한국일보,20241119,"러시아,우크라이나,에이태큼스,브랸스크,미국,6발,우크라이나군,핵무기,푸틴,소식통,장거리,카라체프,핵보유국,5발,블라디미르,국방부",국제>러시아,1,51.49,"우크라이나군이 미국에서 지원받은 장거리 미사일로 러시아 영토 공격을 단행했다. 러시아 국방부는 “오전 3시 25분 적군이 에이태큼스(ATACMS) 6발로 러시아 서부 국경 지대인 브랸스크의 군사 시설을 공격했 ”다고 밝혔다.      
    
   .  "
광주-전남 군공항 이전 관련 실무진 협의 재개,"[KBS 광주]
 [앵커]

 답보 상태였던 군공항 이전 논의가 다시 재개될 것으로 보입니다.

 광주와 전남 실무진이 협의를 재개하기로 한 가운데 민주당도 문제 해결을 위한 기구를 만드는 것을 논의하고 있습니다.

 곽선정 기자의 보도입니다.

 [리포트]

 지난 7월 말 군공항 이전 논의를 놓고 만난 광주시장과 전남도지사, 무안군수.

 하지만 입..",https://news.kbs.co.kr/news/view.do?ncd=8110329&amp;ref=DA,KBS,20241119,"군공항,실무진,광주시,전남도,광주,민주당,전남,비전토론회,곽선정,강기정,여론조사,토론회,광주시장,더불어민주당,광주시당위원장,영상편집,양부남,입장차,광주시당,무안,위원장,무안군수,기자간담회,함흥차사,중앙당,간담회,데드라인,전남도지사,골든타임,이두형,협의,재개,시장,해결,논의",지역>광주,1,97.27,"광주와 전남 실무진이 협의를 재개하기로 한 가운데 민주당도 문제 해결을 위한 기구를 만드는 것을 논의하고 있습니다. 군공항 이전 논의를 놓고 만난 광주시장과 전남도지사, 무안군수 모두 입이 좁아지고 있습니다.     
     
    .    ...     답보 상태였던 군공항 이전 논의가 다시 재개될 것으로 보인다."
"전남도, 방위산업 생태계 조성 새로운 먹거리 추진","[KBS 광주]
 [앵커]

 정부가 안보 강화와 함께 경제 활성화를 내세워 방위산업 육성을 강조하고 있습니다.

 첨단 기술의 무기를 개발하고 이를 수출하겠다는 건데요.

 전라남도도 새로운 먹거리의 하나로 방위산업 생태계 구축에 뛰어들었습니다.

 보도에 손준수 기자입니다.

 [리포트]

 레이더를 피해 목표물에 접근하는 것은 물론 폭격까지 가능한..",https://news.kbs.co.kr/news/view.do?ncd=8110334&amp;ref=DA,KBS,20241119,"방위산업,전남도,드론,고흥,전라남도,연구개발,손준수,목표물,전남테크노,245억,전남테크노파크,연구용역,경쟁력,항공기,촬영기자,본부장,곽재현",지역>울산,1,99.99,"정부는 안보 강화와 경제 활성화를 내세워 방위산업 육성을 강조하고 있다. 전라남도도 방위산업 생태계 구축에 뛰어들었다. 레이더를 피해 목표물에 접근하는 것은 물론 폭격까지 가능한 등 방위산업 육성이 강조되고 있다.     
     
    .   .   ...... "
실전같은 훈련으로 산불 철통 방어,"대전시는 19일 보문산 사정공원에서 '2024년 산불지상진화 경연대회'를 개최했다.사진제공은 대전시대전시는 19일 보문산 사정공원에서 '2024년 산불지상진화 경연대회'를 개최했다.
이번 산불지상진화 경연대회는 산불 발생 시 체계적인 산불진화역량 강화를 위해 지휘부 평가와 장비운영 요령, 숙련도 향상을 위한 진화대 평가로 나누어 공원관리사업소 및 5개 ..",https://www.joongdo.co.kr/web/view.php?key=20241119010005432,중도일보,20241119,"대전시,5개,진화대,산불예방전문진화대,경연대회,보문산,박도현,산불지상,지휘부,간이수조,500m,ha,사진제공,숙련도,사정공원,사업소,공원관리사업소,대전시대전시,녹지농,산불진화,1건,대응력",지역>대전,1,99.99,"대전시는 19일 보문산 사정공원에서 산불 발생 시 체계적인 산불진화역량 강화를 위해 지휘부 평가와 장비운영 요령, 숙련도 향상을 위한 진화대 평가로 나누어 '2024년 산불지상진화 경연대회'를 개최했다.  



이번 대회는 5개의 평가로 진행되었다. "
"고성군, 노후 농기계 입찰 매각 진행","농기계임대사업소 불용농기계 입찰 매각<제공=고성군>경남 고성군은 농기계임대사업소에서 사용하던 노후 농기계를 관내 농업인에게 우선 매각하기 위해 입찰을 진행 중이라고 밝혔다.
매각 대상은 1륜 관리기 외 37종 93대의 농기계다. 
내용연수가 경과했거나 노후화로 불용이 결정된 기기들이다. 
일부는 수리가 필요할 수 있어 구매 전 상태를 확인해야 한다.
입..",https://www.joongdo.co.kr/web/view.php?key=20241119010005395,중도일보,20241119,"농기계,농업인,고성군,농기계임대사업소,관계자,누리집,고성군청,사업소,93대,공고란,기기들,고시공고란,온비드,정책과,희망자,노후화,내용연수,경영체,경남,입찰,매각,구매,방식,노후",지역>충남,1,85.24,"경남 고성군은 농기계임대사업소에서 사용하던 노후 농기계를 관내 농업인에게 우선 매각하기 위해 입찰을 진행 중이라고 밝혔다. 매입 대상은 1륜 관리기 외 37종 93대의 농기계이다. 일부 수리가 필요할 수 있어 구매 전 상태를 확인해야 한다.     
     
   .  "
"드론특별자유화구역 실증 비행 운영 물류배달, 산림 정찰 식생지수 분석 등 비행 확인","금산군은 지역 내 드론 산업을 활성화할 수 있도록 올해 4분기부터 드론특별자유화구역 실증 비행 운영에 나서고 있다고 19일 밝혔다.
실증 비행은 내년 6월 말까지 분기별로 추진되며 모니터링 내용은 국토부 항공안전기술원에 보고할 예정이다.
이를 통해 군은 기술 상용화, 빅데이터 분석, 인프라 확대, 우수사례 홍보, 기업 유치, 산업 네트워크 구축 등에 나..",https://www.joongdo.co.kr/web/view.php?key=20241119010005316,중도일보,20241119,"드론,식생지수,금산군,진악산,등산객,드론특별자유화,물류배달,빅데이터,데이터화,국토부,네트워크,중증량,정밀도",경제>경제일반,1,91.1,"금산군은 지역 내 드론 산업을 활성화할 수 있도록 올해 4분기부터 드론특별자유화구역 실증 비행 운영에 나서고 있다고 19일 밝혔으며 실증 비행은 내년 6월 말까지 분기별로 추진되며 모니터링 내용은 국토부 항공안전기술원에 보고할 예정이다.      
    
   .   "
"인천시교육청, 송암스페이스센터와 항공우주 인재 양성 업무협약","인천시교육청은 지난 15일 송암스페이스센터(이사장 최현옥)와 우주경제시대 항공우주 인재 양성을 위한 업무협약을 체결했다.
두 기관은 이번 협약으로 강화 지역 학생을 대상으로 다양한 우주 관련 프로그램을 운영할 계획이다. 강화천문과학관에서 초등학생들은 우주인 착륙선 제작, 중학생들은 우주 통신 안테나 제작 및 모스 부호 통신, 고등학생들은 우주선 도킹 로..",https://www.joongdo.co.kr/web/view.php?key=20241119010005233,중도일보,20241119,"고등학생,송암스페이스센터,학생들,업무협약,우주선,인천시교육청,모스,도성훈,교육감,과학관,인천,최현옥,이사장,인천교육청,로봇팔,강화천문과학관,중학생,고등학생들,우주학,한국",IT_과학>과학,1,95.31,"인천시교육청은 지난 15일 송암스페이스센터와 우주경제시대 항공우주 인재 양성을 위한 업무협약을 체결하고 강화 지역 학생을 대상으로 다양한 우주 관련 프로그램을 운영할 계획이며 초등학생은 우주인 착륙선 제작, 중학생은 우주 통신 안테나 제작 및 모스 부호 통신 등을 할 수 있게 되었다.      
    "
"2025 제천국제한방천연물산업엑스포, 한국부인회 충북어린이집연합회와 엑스포 성공개최 위한 업무협약 체결","2025 제천국제한방천연물산업엑스포, 충북어린이집연합회와 엑스포 성공개최 위한 업무협약 체결 제천 국제한방천연물산업엑스포조직위원회(조직위원장 김영환)는 19일 도청 여는마당에서 한국부인회총본부(회장 남인숙), 사단법인 충북도어린이집연합회(회장 성락준)와 엑스포 성공개최를 위한 업무협약(MOU)을 체결했다.
 이번 협약은 조직위와 한국부인회가 상호 홍보를..",https://www.joongdo.co.kr/web/view.php?key=20241119010005223,중도일보,20241119,"한국부인회,충북도어린이집연합회,제천,성공개최,천연물,업무협약,관람객,단체관람,사업비,충청북도어린이집연합회,충북어린이집연합회,정선용,위원회,제천국제한방천연물산업엑스포,조직위",지역>경기,1,71.46,"제천 국제한방천연물산업엑스포조직위원회는 19일 도청 여는마당에서 한국부인회총본부, 사단법인 충북도어린이집연합회와 엑스포 성공개최를 위한 업무협약(MOU)을 체결하고 상호 홍보를 하였다.      
    
   .    . "
"창원시 원전기업, 이집트 인도 수출 지원","창원시, 원전기업 수출 첫걸음 지원<제공=창원시>경남 창원시가 두산에너빌리티를 포함한 원전기업 4개 사와 함께 이집트 인도를 방문하며 현장 지원에 나섰다.
이번 방문은 경남 원전기업 신속지원센터 운영지원사업의 일환으로 진행된다.
참가 기업들은 바이어 발굴 비용과 상담회 통역비 지원을 받아 이집트와 인도에서 비즈니스 상담회를 연다.
인도에서는 2024 인..",https://www.joongdo.co.kr/web/view.php?key=20241119010005130,중도일보,20241119,"원전기업,이집트,창원시,상담회,경남,김용현,기업들,통역비,개회사,주이집트,공동관,원자력,홍남표,두산에너빌리티,창원,첫걸음,smr,inbp",경제>무역,1,99.95,"경남 창원시가 두산에너빌리티를 포함한 원전기업 4개 사와 함께 이집트 인도를 방문하며 현장 지원에 나서 바이어 발굴 비용과 상담회 통역비 지원을 받아 비즈니스 상담회를 연다.      
    
   ....   ......   .    . "
"젤렌스키 ""러시아 파병 북한군 10만 명 될 수도""","러시아의 우크라이나 침공 천일을 맞아 볼로디미르 젤렌스키 우크라이나 대통령은 러시아에 파병된 북한군이 10만 명으로 늘어날 수 있다고 경고했습니다.

젤렌스키 대통령은 현지 시간 19일 벨기에 브뤼셀에서 열린 유럽의회 특별 본회의에 화상연설을 통해 이같이 주장했습니다.

젤렌스키 대통령은 ""우크라이나와 전 세계 동맹국은 푸틴의 우크라이나 점령을 함께 막..",https://www.ytn.co.kr/_ln/0104_202411192158203146,YTN,20241119,"러시아,젤렌스키,우크라이나,유럽,푸틴,벨기에,본회의,동맹국,10만,북한군,볼로디미르,생명줄,시간date,화상연설,브뤼셀,천일,ytn,대통령,전쟁,특별,의회,능력,지원,침공,정권,생명,제재",국제>러시아,1,58.63,젤렌스키 우크라이나 대통령은 벨기에 브뤼셀에서 열린 유럽의회 특별 본회의에 화상연설을 통해 러시아에 파병된 북한군이 10만 명으로 늘어날 수 있다고 경고했다. 전 세계 동맹국은 푸틴의 우크라이나 점령을 막...     렌스키 대통령은 렌스키와 전 세계 동맹국이다.
"해경, 금성호 부산 선사 압수수색","[KBS 제주]
제주 해상에서 침몰한 금성호 사고와 관련해, 해경이 해당 선사를 압수수색한 사실이 뒤늦게 알려졌습니다.

제주해양경찰서는 지난 15일 부산시 중구에 있는 선사를 압수수색했다고 밝혔습니다.

이번 압수수색에서 해경은 금성호의 복원력과 관련된 선박 수리 여부와 선원 안전 교육 이행 여부 등 사고 원인 규명과 관련된 자료를 확보해 분석하고 있..",https://news.kbs.co.kr/news/view.do?ncd=8110348&amp;ref=DA,KBS,20241119,"금성호,압수수색,부산시,부산,항공기,제주해양경찰서,중구,잠수사,제주,복원력,수색,사고,해경,여부,선사,선원,선박,원인,수리,이행,압수,해상,투입,안전,교육,자료,침몰,동원,함선,사실,확보,규명,병행",지역>경남,1,99.81,"제주 해상에서 침몰한 금성호 사고와 관련해, 해경이 해당 선사를 압수수색한 사실이 뒤늦게 알려졌으며 이번 압수수색에서 해경은 사고 원인 규명과 관련된 자료를 확보해 분석하고 있다.      
    
    .    ...       ....   "
42회 부산산업대상 시상식 3명 수상,"[KBS 부산]
부산상공회의소는 오늘 제42회 부산산업대상 시상식을 개최했습니다.

경영부문에 삼영엠티 정원영 대표이사가 기술부문 유니테크노 이좌영 회장, 사회공헌부문 한탑 류원기 회장 등 3명이 수상했습니다.

동원개발 장복만 회장은 특별공로상을 받았습니다.

부산상의는 1983년부터 매년 지역 상공업 발전을 위해 뛰어난 업적을 남긴 기업인을 분야별로..",https://news.kbs.co.kr/news/view.do?ncd=8110353&amp;ref=DA,KBS,20241119,"시상식,장복만,3명,삼영엠티,정원영,한탑,유니테크노,기업인,부산상의,부산,공로상,부산상공회의소,경영부문,대표이사,특별공로상,부산산업,류원기,이좌영,회장,상공업,지역,대상,선정,상의,특별,업적,경영,대표,발전,이사,개최,공헌,수상,사회",지역>부산,1,74.88,"부산상공회의소는 제42회 부산산업대상 시상식을 개최했다. 삼영엠티 정 대표이사, 유니테크노 이좌영 회장, 한탑 류원기 회장 등 3명이 경영부문에 수상했다. 동원개발 장복만 회장은 특별공로상을 받았다.      
    
   .    ."
‘수소산업’ 뛰어든 현대차 핵심 기술 전북에서 실증,"[KBS 전주]
 [앵커]

 상용차를 중심으로 친환경 수소산업에 뛰어든 현대자동차가 전북도와 손잡고 생태계 조성에 나섭니다.

 특히 수소산업의 핵심인 수전해 기술과 암모니아 분해 기술을 전북에서 실증할 것으로 기대됩니다.

 조선우 기자입니다.

 [리포트]

 탄소 중립 시대, 궁극의 친환경 에너지로 불리는 친환경 수소.

 이 수소산업을 키우기 ..",https://news.kbs.co.kr/news/view.do?ncd=8110277&amp;ref=DA,KBS,20241119,"전북,현대자동차,수소산업,상용차,충전소,전북도,시험장,부안,조선우,자치도,현대,전북자치도,촬영기자,가능성,책임연구위원,전주공장,자치단체,전북연구원,김관영,전주,강원도,신재,발전기",지역>전북,1,95.77,"현대자동차가 전북도와 생태계 조성에 나선다. 수전해 기술과 암모니아 분해 기술을 전북에서 실증할 것으로 기대된다. 탄소 중립 시대, 친환경 에너지로 불리는 수소산업을 키우기....    ......     
        .    
  "
"""文 정부, 사드 2급 비밀 시민단체 중국에 유출""","문재인 정부 안보 라인 고위직 인사들이 사드(THAAD 고고도 미사일 방어체계) 미사일 교체와 관련한 한미 군사작전을 시민단체와 중국 측에 유출한 정황을 감사원이 포착한 것으로 19일 확인됐다. 감사원은 지난달 말 대검찰청에 수사를 의뢰했다. (관련기사 3면) 
 
수사 요청 대상은 정의용 전 국가안보실장, 정경두 전 국방부 장관 등 4명으로, 감사원은..",https://www.idaegu.co.kr/news/articleView.html?idxno=481983,대구신문,20241119,"감사원,사드,시민단체,한미,문재인,중국,고고도,정경두,4명,정의용,대검찰청,thaad,미사일,수사,비밀,라인,정부,확인,유출,시민,군사,고위,체계,방어,교체,의뢰,안보,작전,인사,포착,단체,정황",국제>중국,1,93.84,"감사원은 문 정부 안보 라인 고위직 인사들이 사드 미사일 교체와 관련한 한미 군사작전을 시민단체와 중국 측에 유출한 정황을 포착하고 대검찰청에 수사를 의뢰했다.      
    .   ......    
   .    ...   ....    "
미 사용승인 '에이태큼스'란 ...러-우크라전 새 변수,"[앵커]
미국이 우크라이나에 러시아 본토를 타격할 수 있는 전술 탄도 미사일인 '에이태큼스'를 사용하도록 승인하자 러시아가 3차 세계대전까지 언급하며 새 변수로 떠오르고 있습니다.

무슨 미사일이길래 러시아가 이렇게 민감한 반응을 보이는지, 그리고 그동안 미국은 왜 이 미사일 사용을 거부해왔는지,

박희재 기자가 정리했습니다.

[기자]
미국에서 개발된..",https://www.ytn.co.kr/_ln/0101_202411192140195145,YTN,20241119,"에이태큼스,미국,우크라이나,러시아,그동안,가능성,박희재,80km,이원희,파괴력,김지연,영상편집,집속탄,장로켓,다연장로켓,다연,강철비,1발,축구장,4개,지휘소,비행장,icbm,김열수,300km,연구원",정치>북한,1,99.54,"미국이 러시아 본토를 타격할 수 있는 전술 탄도 미사일인 '에이태큼스'를 사용하도록 승인하자 러시아가 3차 세계대전까지 언급하며 새 변수로 떠오르고 있다. 왜 이 미사일 사용을 거부해왔는지 박 기자가 정리한다.      
    
    .   .  "
"푸틴 '핵 교리' 개정 승인...""핵보유국 지원받는 비핵보유국에도 사용""","미국이 러시아 본토를 타격할 장거리 미사일 사용을 허용한 가운데 푸틴 러시아 대통령이 러시아의 핵무기 사용 원칙을 담은 핵 교리의 개정을 승인했습니다.

타스 통신은 푸틴 대통령이 개정된 핵 교리를 승인하는 대통령령에 서명했다고 전했습니다.

새로운 핵 교리는 오늘부터 발효됩니다.

공개된 핵 교리 문서에 따르면, 핵을 보유하지 않은 국가라도 핵보유국의..",https://www.ytn.co.kr/_ln/0104_202411192140110386,YTN,20241119,"러시아,푸틴,대변인,미국,핵무기,핵보유국,장거리,우크라이나,드미트리,재래식,자하로바,페스코프,마리,벨라루스,크렘린궁,프랑스,비핵보유국,대통령령,영국,보유국,항공기",국제>러시아,1,99.93,"미국이 러시아 본토를 타격할 장거리 미사일 사용을 허용한 가운데 푸틴 러시아 대통령이 핵 교리의 개정을 승인했다. 타스 통신은 개정된 핵 교리를 승인하는 대통령령에 서명했다고 전했다. 새로운 핵 교리는 오늘부터 발효된다.     





공개된 핵 교리 문서에 따르면, 핵을 보유하지 않은 국가라도 핵보유국이다."
택시 조합이 감차 물량 배분 부실업체에 쓰인 지원금,"[KBS 대구]
 [앵커]

 택시 감차 사업을 진행한 대구시는 감차 물량 배분을 택시 조합에 맡겼는데요.

 이 과정에서 정작 감차해야 할 업체의 감차는 제대로 이뤄지지 않았고, 부실 업체에 물량이 집중되는 일까지 빚어졌습니다.

 류재현 기자입니다.

 [리포트] 

 2017년 대구 택시운송조합에서 작성한 택시 감차 신청 현황 자료입니다.

 당시..",https://news.kbs.co.kr/news/view.do?ncd=8110289&amp;ref=DA,KBS,20241119,"감차,보상금,대구시,대구,정작,대당,경영난,류재현,만큼,이사장,9천만,조합원,44대,출자금,택시업계",경제>경제일반,1,52.97,"택시 감차 사업을 진행한 대구시는 감차 물량 배분을 택시 조합에 맡겼는데 정작 감차해야 할 업체의 감차는 제대로 이뤄지지 않았고, 부실 업체에 물량이 집중되는 일까지 빚어졌다.      
    
   ......    .   ....   .  "
“직접 개발” TK신공항 특별법은 ‘산 넘어 산’,"[KBS 대구]
 [앵커]

 대구시가 신공항 사업을 민간에 맡기는 대신 직접 개발하기로 하면서 재정 부담을 줄이는 게 최대 관건이 됐습니다.

 이 때문에 정부 재정 지원 근거를 담은 신공항 특별법 개정안이 발의됐지만, 통과 전망은 밝지만은 않습니다.

 이하늬 기자입니다.

 [리포트]

 지난 6월 발의된 대구경북신공항특별법 개정안입니다.

 사상..",https://news.kbs.co.kr/news/view.do?ncd=8110265&amp;ref=DA,KBS,20241119,"개정안,특별법,신공항,지방채,공자금,대구시,홍준표,대구,이하늬,국토위,본회의",정치>행정_자치,1,98.98,"대구시가 신공항 사업을 민간에 맡기는 대신 직접 개발하기로 하면서 재정 부담을 줄이는 게 최대 관건이기 때문에 정부 재정 지원 근거를 담은 신공항 특별법 개정안이 발의됐다. 통과 전망은 밝지만은 않다.      
    .    
    ...   ......    "
2025년에도 HLE 바이퍼,"한화생명e스포츠가 ‘원딜의 신’과 2025년에도 함께한다. 
 
한화생명은 19일 게임단 유튜브 채널을 통해 ‘바이퍼’ 박도현과 재계약을 체결했다고 밝혔다. ‘피넛’ 한왕호, ‘제카’ 김건우, ‘딜라이트’ 유환중의 계약 기간이 2025년까지인 가운데, 박도현과도 동행을 이어가기로 하면서 올해 주전 스쿼드 5인 중 4인을 내년에도 그대로 기용하게 됐다. ..",https://www.kmib.co.kr/article/view.asp?arcid=0020746736&code=61162012&cp=kd,국민일보,20241119,"한화생명,박도현,바이퍼,한화,관계자,원거리,게임단,제카,김건우,한왕호,딜라이트,피넛,유환중,중국,4인,5인,유환,재계약,원딜,유튜브,hle,한화생명e스포츠,계약,채널,생명,스쿼드,주전,기간,연속,체결,활동,내년,딜러,포지션,기용",스포츠>야구>한국프로야구,1,99.26,"한화생명은 게임단 유튜브 채널을 통해 바이퍼 박도현과 재계약을 체결했다. 한왕호, 제카 김건우, 딜라이트 유환중의 계약 기간이 2025년까지인 가운데, 박도현과도 동행을 이어가기로 하면서 주전 스쿼드 5인 중 4인을 내년에도 그대로 기용하게 됐다.    . "
우크라전쟁 1000일 앞 전쟁이 바꾼 비행 항로,"[앵커] 

천 일, 삼 년 가까이 계속된 우크라이나 전쟁은 우리 비행기가 다니는 항로도 바꿔놓았습니다.

특히 러시아를 통과할 수가 없어서, 유럽이나 미국 동부로 가는 비행 시간이 더 길어졌습니다.

이광열 기자입니다.

 [리포트]

 여객기를 타고 프랑스 파리를 출발한 승객들이 13시간여 만에 인천국제공항에 도착했습니다.

[이영석/서울시 강남구 ..",https://news.kbs.co.kr/news/view.do?ncd=8110254&amp;ref=DA,KBS,20241119,"러시아,항공사,유럽,우크라이나,항공기,비행시간,이광열,아시아나,미주,이유리,영상편집,김재현,촬영기자,이영석,불투명,서울시,여객기,승객들,알래스카,만큼,프랑스,카자흐스탄,강남구",국제>미국_북미,1,99.8,"우크라이나 전쟁은 우리 비행기의 항로도 바꿔놓았으며 러시아를 통과할 수 없어 유럽이나 미국 동부로 가는 비행 시간이 더 길어졌다. 프랑스 파리를 출발한 승객들이 인천국제공항에 도착했다. 인천공항에는 승객들이 13시간여 만에 도착했다.      
    
    .  "
"오송참사 피해자, 추적 조사해보니 “만성적 트라우마 시달려”","[KBS 청주]
 [앵커]

 30명의 사상자를 낸 오송 지하차도 참사가 난 지 1년하고도 넉 달이 지났는데요.

 유가족과 생존자들은 참사 이후 어떤 변화를 겪고 있을까요?

 1년여 추적 조사 결과가 나왔습니다.

 송근섭 기자가 보도합니다.

 [리포트]

 지난해 7월, 미호강이 범람해 오송 궁평2지하차도가 침수돼 14명이 숨지고 16명이 다쳤습..",https://news.kbs.co.kr/news/view.do?ncd=8110248&amp;ref=DA,KBS,20241119,"오송,피해자,유가족,책임자,응답자,충북대학교,후유증,심리학,송근섭,생존자,박준규,촬영기자,미호강,자치단체,일상생활,충북교통방송,이중훈,사상자,전문가,최해연,책임자들,생존자들,궁평",정치>정치일반,1,52.95,"30명의 사상자를 낸 오송 지하차도 참사가 난 지 넉 달이 지났다. 유가족과 생존자들은 참사 이후 어떤 변화를 겪고 있을지에 대해 1년여 추적 조사 결과가 나왔다.      
    .    
   ......   .   ....    "
"러시아 “핵무기 쓸 수도” 전쟁 1,000일 새 국면","[앵커]

 러시아는 우크라이나 전쟁 전에, 흑해 연안의 전략적 요충지 크림반도와 돈바스 지역을 사실상 점령했습니다.

그리고 이번 전쟁으로 두 곳을 잇는 우크라이나 동남부 일대를 장악하고 있습니다.

이미 우크라이나 땅의 20%를 점령한 상태지만, 휴전 가능성에 대비해 전선을 최대한 밀어 올리려고, 동부 도네츠크 등에 화력을 집중하고 있습니다.

러시..",https://news.kbs.co.kr/news/view.do?ncd=8110250&amp;ref=DA,KBS,20241119,"러시아,우크라이나,에이태큼스,핵무기,미국,공대지,행정부,지대지,요충지,우크라이나전,영국,크림반도,안다영,드론,동남부,우크라이나가,푸틴,핵보유국",국제>러시아,1,98.06,"러시아는 우크라이나 전쟁 전에 크림반도와 돈바스 지역을 점령했고 이번 전쟁으로 두 곳을 잇는 우크라이나 동남부 일대를 장악했다. 휴전 가능성에 대비해 동부 도네츠크 등에 화력을 집중하는 중이다.      
    
    ...    .    "
"감사원, 사드 배치 수사 의뢰에 野 ""정치 보복""","더불어민주당은 19일 감사원이 문재인 정부 사드(THAAD 고고도 미사일 방어체계) 배치 과정과 관련해 당시 안보라인 고위직 인사들에 대한 수사를 의뢰하자 ""근거 없는 정치 보복""이라고 반발했다. 
 
감사원은 이들이 사드 미사일 교체와 관련한 한미 군사작전을 시민단체와 중국 측에 유출한 정황을 포착하고 지난달 말 이들에 대해 대검찰청에 수사를 요청한 ..",https://www.idaegu.co.kr/news/articleView.html?idxno=481966,대구신문,20241119,"감사원,사드,공무원,한미,돌격대,문재인,민주당,동해,중국,서해,국가안보실장,정의용,위원회,대책위,절차들,기자회견,고고도,시민단체,흉악범,정권정치탄압대책위원회,월성,대검찰청,안보라,더불어민주당",정치>외교,1,99.47,"더불어민주당은 감사원이 문 정부 사드 배치 과정과 관련해 당시 안보라인 고위직 인사들에 대한 수사를 의뢰하자 근거 없는 정치 보복이라고 반발했다. 이들이 한미 군사작전을 유출한 정황을 포착했기.....    ..   ......     
    ...    .   "
"""북한군 1만명 몸값은 연간 최대 1조8천억원""",북한 김정은 국무위원장이 북러 무역경제 및 과학기술협조위원회 11차 회의에 참석하기 위해 방북한 러시아 정부 대표단 단장 알렉산드르 코즐로프 천연자원부 장관을 18일 접견했다고 조선중앙통신이 19일 보도했다. 작년 북러 정상회담 후 양측의 고위급 교류가 활발해졌으며 올해 6월 '포괄적인 전략적 동반자관계에 관한 조약' 체결 후 더욱 체계적이고 빈번해졌다..,https://www.idaegu.co.kr/news/articleView.html?idxno=481965,대구신문,20241119,"러시아,북한군,베트남전,보고서,동맹군,연소득,우크라이나,경제적,러시아군,파병군,1만,간접적,재래식,가능성,대량살상무기,임수호",정치>북한,1,99.97,"북한 김정은 국무위원장이 북러 무역경제 및 과학기술협조위원회 11차 회의에 참석하기 위해 방북한 러시아 정부 대표단 단장 알렉산드르 코즐로프 천연자원부 장관을 18일 접견했다고 조선중앙통신이 19일 보도했다.      
    
    .   "
영천에 100억 규모 車부품 공장 들어선다,"대구경북경제자유구역청은 19일 영천시청 영상회의실에서 한호에코스티 한호이노베이션과 투자양해각서(MOU)를 체결했다. 대경경자청 제공 한호에코스티㈜와 ㈜한호이노베이션이 대구경북경제자유구역청(DGFEZ)과 손잡고 영천첨단부품소재산업지구에 101억원을 투자해 자동차 부품 신사업에 나선다. 
 
대구경북경제자유구역청은 19일 영천시청 영상회의실에서 한호에코스티..",https://www.idaegu.co.kr/news/articleView.html?idxno=481943,대구신문,20241119,"자동차,한호에코스티,한호이노베이션,영천,대구경북경제자유구역청,김병삼,영천지구,1만,생산라인,매출액,영천시청,최기문,김병구,대경경자청,영천첨단부품소재산업지구,강명성,윤정,윤정기자",경제>자동차,1,81.96,"한호에코스티(주)와 (주)한호이노베이션이 영천첨단부품소재산업지구에 101억원을 투자해 자동차 부품 신사업에 나선다. 대구경북경제자유구역청은 한호에코스티와 투자양해각서(MOU)를 체결했다.      
    
    .    "
"""도청신도시 첨단산단 기업유치 절실""","경북도개발공사가 지난 18일 오후 4시 안동 스탠포드호텔에서 경북도청신도시 도시첨단산업단지 발전방향 및 활성화 방안을 논의하기 위한 대토론회를 개최했다. 
 
이날 대토론회는 토론자로 '김형동 국회의원(안동 예천), 양금희 경북도 경제부지사, 김학동 예천군수, 이형식 경상북도의원, 장철순 국토연구원 명예연구위원(국토연구원 산업입지연구센터장), 이재용 L..",https://www.idaegu.co.kr/news/articleView.html?idxno=481919,대구신문,20241119,"경북도,도시첨단산업단지,대토론회,예천,개발공사,김형동,장철순,안동,경북도청,이재용,예천군,국토연구원,경상북도,기업유치,토론자,국회의원,토론회,김학동,이형식,연구원,이재혁,양금희,첨단산단,관계기관,센터장,일자리",지역>경남,1,99.8,"경북도개발공사는 안동 스탠포드호텔에서 경북도청신도시 도시첨단산업단지 발전방향 및 활성화 방안을 논의하기 위한 대토론회를 개최했다. 이날 토론자로 김 국회의원 등 토론자가 나왔다. 이 토론회는 토론자로 양금희 경북도 경제부지사, 이형식 경상북도의원, 장철순 국토연구원 명예연구위원 등이 참석했다.      
"
"“문 정부, ‘사드 작전’ 유출 정황” “NSC 결정, 상황 관리 차원”","[앵커]

정의용 전 안보실장 등 감사원이 수사를 의뢰한 문재인 정부 안보라인 인사들이 군사기밀 유출 혐의를 받고 있는 것으로 확인됐습니다.

비밀이 포함된 미사일 교체 작전 정보를 미리 중국에 알리고, 국내 반대 단체에도 전한 걸로 의심된다는 겁니다.

정재우 기자가 보도합니다.

 [리포트]

 지난 2020년 5월 경북 성주 미군 기지로 사드 관련..",https://news.kbs.co.kr/news/view.do?ncd=8110240&amp;ref=DA,KBS,20241119,"사드,감사원,국방부,중국,더불어민주당,문재인,보호법,정의용,정재우,경북",미분류,1,68.59,"감사원이 수사를 의뢰한 문 정부 안보라인 인사들이 군사기밀 유출 혐의를 받고 있는 것으로 확인됐다. 비밀이 포함된 미사일 교체 작전 정보를 미리 중국에 알리고, 국내 반대 단체에도 전한 걸로 의심된다.      
    .    
       ......   "
"젤렌스키, “러시아 파병 북한군은 10만 명으로 늘어날 것”","우크라이나의 블로디미르 젤렌스키 대통령은 유럽연합(EU) 국가들의 군사지원 확대를 촉구하면서 우크라는 10만 명에 달하는 북한 군인들과 맞닥뜨릴 수 있다고 경고했다.



러시아의 전면 침공 1000일이 되는 19일 EU의 유럽의회에 화상연설을 하면서 젤렌스키 대통령은 ""푸틴이 우크라 접경지에 1만1000명의 북한 군인들을 데려와 배치했다""면서 ""이 규..",http://www.munhwa.com/news/view.html?no=2024111901039910274012,문화일보,20241119,"젤렌스키,러시아,10만,푸틴,유럽,우크라,독일,eu,유럽연합,유럽의회,타우루스,숄츠,올라프,제공불가,합중국,블로디미르,가디언,블룸버그,소식통,사정거리,화상연설,통합성,국가들,미국,접경지,우크,1만,의원들",국제>러시아,1,79.81,우크라이나의 블로디미르 젤렌스키 대통령은 유럽연합 국가들의 군사지원 확대를 촉구하면서 우크라는 10만 명에 달하는 북한 군인들과 맞닥뜨릴 수 있다고 경고했다. 러시아 전면 침공 1000일이 되는 19일 EU의 유럽의회에 화상연설에서 젤렌스키는 이 규정이 규정한 규범에 해당한다고 했다. 
